{
    "random_forest": {
        "accuracy": 0.9952822515047991,
        "precision": 0.854,
        "recall": 0.9682539682539683,
        "f1_score": 0.9075451647183848,
        "roc_auc": 0.9982750692869741
    },
    "xgboost": {
        "accuracy": 0.994739981562822,
        "precision": 0.8385826771653543,
        "recall": 0.9659863945578231,
        "f1_score": 0.8977871443624867,
        "roc_auc": 0.9974521919879062
    }
}